feature,importance
Attendance (%),0.525754826054006
Total_Score,0.43835753152178225
Projects_Score,0.03386782560365485
Study_Hours_per_Week,0.0020198168205568514
